[
  {
    "id": 1,
    "type": "pie",
    "title": "pie Chart 1",
    "data": [
      {
        "key": "gowtham",
        "value": "6"
      },
      {
        "key": "mari",
        "value": "6"
      }
    ]
  },
  {
    "id": 2,
    "type": "pie",
    "title": "pie Chart 2",
    "data": [
      {
        "key": "LEO",
        "value": "40"
      },
      {
        "key": "GOAT",
        "value": "20"
      },
      {
        "key": "THERI",
        "value": "40"
      }
    ]
  },
  {
    "id": 3,
    "type": "pie",
    "title": "pie Chart 3",
    "data": [
      {
        "key": "fruit",
        "value": "5"
      },
      {
        "key": "vegitable",
        "value": "7"
      },
      {
        "key": "nuts",
        "value": "8"
      }
    ]
  },
  {
    "id": 4,
    "type": "bar",
    "title": "bar Chart 4",
    "data": [
      {
        "key": "bat",
        "value": "50"
      },
      {
        "key": "ball",
        "value": "70"
      },
      {
        "key": "stumbs",
        "value": "20"
      }
    ]
  },
  {
    "id": 5,
    "type": "bar",
    "title": "bar Chart 5",
    "data": [
      {
        "key": "volleyball",
        "value": "20"
      },
      {
        "key": "cricket",
        "value": "40"
      },
      {
        "key": "football",
        "value": "10"
      },
      {
        "key": "hockey",
        "value": "22"
      }
    ]
  },
  {
    "id": 6,
    "type": "bar",
    "title": "bar Chart 6",
    "data": [
      {
        "key": "boys",
        "value": "40"
      },
      {
        "key": "gilrs",
        "value": "60"
      }
    ]
  }
]